{"cameraMode":{"drawMode":0,"name":"Shaded","section":"Shading Mode"},"sceneLighting":true,"audioPlay":false,"sceneViewState":{"m_AlwaysRefresh":false,"showFog":true,"showSkybox":true,"showFlares":true,"showImageEffects":true,"showParticleSystems":true,"showVisualEffectGraphs":true,"m_FxEnabled":true},"in2DMode":false,"pivot":{"x":-11.44343376159668,"y":0.7099999785423279,"z":-0.37354159355163576},"rotation":{"x":-0.07914625108242035,"y":0.6812988519668579,"z":-0.07448408007621765,"w":-0.7238962054252625},"size":0.5418911576271057,"orthographic":false}