{"cameraMode":{"drawMode":0,"name":"Shaded","section":"Shading Mode"},"sceneLighting":true,"audioPlay":false,"sceneViewState":{"m_AlwaysRefresh":false,"showFog":true,"showSkybox":true,"showFlares":true,"showImageEffects":true,"showParticleSystems":true,"showVisualEffectGraphs":true,"m_FxEnabled":true},"in2DMode":false,"pivot":{"x":-27.375165939331056,"y":21.142322540283204,"z":13.004949569702149},"rotation":{"x":-0.33095866441726687,"y":0.07435453683137894,"z":-0.026143891736865045,"w":-0.9403592348098755},"size":79.42741394042969,"orthographic":false}