{"cameraMode":{"drawMode":0,"name":"Shaded","section":"Shading Mode"},"sceneLighting":true,"audioPlay":false,"sceneViewState":{"m_AlwaysRefresh":false,"showFog":true,"showSkybox":true,"showFlares":true,"showImageEffects":true,"showParticleSystems":true,"showVisualEffectGraphs":true,"m_FxEnabled":true},"in2DMode":false,"pivot":{"x":-15.714166641235352,"y":1.9142212867736817,"z":0.14159023761749268},"rotation":{"x":-0.07914625108242035,"y":0.6812988519668579,"z":-0.07448408007621765,"w":-0.7238962054252625},"size":6.910155773162842,"orthographic":false}