{"cameraMode":{"drawMode":0,"name":"Shaded","section":"Shading Mode"},"sceneLighting":true,"audioPlay":false,"sceneViewState":{"m_AlwaysRefresh":false,"showFog":true,"showSkybox":true,"showFlares":true,"showImageEffects":true,"showParticleSystems":true,"showVisualEffectGraphs":true,"m_FxEnabled":true},"in2DMode":false,"pivot":{"x":-1.992027997970581,"y":0.20107412338256837,"z":5.8993072509765629},"rotation":{"x":-0.1071152612566948,"y":0.1682722419500351,"z":-0.018393665552139283,"w":-0.9797332882881165},"size":0.7531504034996033,"orthographic":false}