{"cameraMode":{"drawMode":0,"name":"Shaded","section":"Shading Mode"},"sceneLighting":true,"audioPlay":false,"sceneViewState":{"m_AlwaysRefresh":false,"showFog":true,"showSkybox":true,"showFlares":true,"showImageEffects":true,"showParticleSystems":true,"showVisualEffectGraphs":true,"m_FxEnabled":true},"in2DMode":false,"pivot":{"x":-64.73275756835938,"y":-13.023399353027344,"z":1.4575347900390626},"rotation":{"x":-0.17393210530281068,"y":0.7296274900436401,"z":-0.20145829021930695,"w":-0.6299364566802979},"size":24.854183197021486,"orthographic":false}