{"cameraMode":{"drawMode":0,"name":"Shaded","section":"Shading Mode"},"sceneLighting":false,"audioPlay":false,"sceneViewState":{"m_AlwaysRefresh":false,"showFog":true,"showSkybox":false,"showFlares":true,"showImageEffects":true,"showParticleSystems":true,"showVisualEffectGraphs":true,"m_FxEnabled":true},"in2DMode":false,"pivot":{"x":-7.738316535949707,"y":0.6399999856948853,"z":4.550173282623291},"rotation":{"x":0.06478241086006165,"y":-0.40098580718040469,"z":0.02844088524580002,"w":0.9133541584014893},"size":0.12247466295957566,"orthographic":false}